,task_id,user_id,x,y,rad
0,1,0,0.5911539874375096,0.930795854084801,0.04
1,1,0,0.7093732470743471,0.9463711228848438,0.04